{"val_acc": 0.42, "_timestamp": 1762989374.2027612, "_runtime": 2.9251160621643066, "_step": 0, "_wandb": {"runtime": 3}}