{"_runtime":125,"val_acc":0.8772142857142857,"train_loss":0.2542112851312633,"epoch":9,"train_acc":0.9019642857142857,"_step":9,"_wandb":{"runtime":125},"val_loss":0.3336392122123174,"_timestamp":1.7629945095271163e+09}