{"epoch":19,"train_acc":0.9514166666666667,"train_loss":0.1388352871234174,"_timestamp":1.764620553630742e+09,"_wandb":{"runtime":629},"val_acc":0.9006666666666666,"_runtime":629,"val_loss":0.2811653783551535,"_step":19}